time,x,y
1789342038.2276077,3324,1187
1789342038.2395766,3324,1187
1789342038.2516,3324,1187
1789342038.263663,3324,1187
1789342038.2756305,3324,1187
1789342038.2876885,3329,1195
1789342038.299767,3335,1203
1789342038.3128023,3340,1211
1789342038.3237786,3345,1215
1789342038.3368783,3355,1222
1789342038.347911,3376,1230
1789342038.3599765,3402,1238
1789342038.3729868,3444,1250
1789342038.3840232,3511,1265
1789342038.3970637,3584,1277
1789342038.4080942,3662,1289
1789342038.4201317,3724,1296
1789342038.4321694,3776,1304
1789342038.4442096,3828,1312
1789342038.4572513,3875,1320
1789342038.4682667,3927,1332
1789342038.4803174,3994,1347
1789342038.493385,4062,1363
1789342038.5044134,4129,1382
1789342038.5174491,4192,1398
1789342038.5284667,4249,1417
1789342038.5404842,4311,1441
1789342038.5535553,4374,1464
1789342038.5645802,4451,1495
1789342038.5776267,4519,1530
1789342038.5886605,4581,1562
1789342038.6007037,4649,1597
1789342038.6137366,4706,1628
1789342038.6247706,4758,1659
1789342038.637809,4800,1686
1789342038.6488562,4841,1714
1789342038.6608803,4888,1745
1789342038.6738741,4940,1784
1789342038.6849558,4997,1830
1789342038.6979892,5075,1916
1789342038.7090302,5132,1982
1789342038.72107,5179,2037
1789342038.7341046,5220,2088
1789342038.7451334,5251,2127
1789342038.7581744,5277,2166
1789342038.7692134,5303,2205
1789342038.7812505,5335,2267
1789342038.7942994,5366,2345
1789342038.8053267,5397,2423
1789342038.8183835,5423,2493
1789342038.829424,5444,2555
1789342038.841452,5459,2622
1789342038.8544807,5475,2739
1789342038.8654964,5480,2840
1789342038.8785417,5480,2918
1789342038.88958,5480,2984
1789342038.901618,5470,3058
1789342038.9146535,5449,3175
1789342038.92569,5428,3265
1789342038.9387317,5407,3339
1789342038.9497683,5376,3409
1789342038.9618034,5335,3487
1789342038.9748435,5267,3608
1789342038.9858704,5205,3693
1789342038.9989097,5148,3760
1789342039.0099459,5090,3822
1789342039.0219798,5028,3884
1789342039.0340211,4950,3951
1789342039.04601,4857,4029
1789342039.0590909,4768,4091
1789342039.0701306,4664,4157
1789342039.082156,4571,4212
1789342039.094205,4477,4259
1789342039.1062303,4384,4298
1789342039.1182685,4280,4329
1789342039.1303115,4176,4356
1789342039.1423469,4077,4379
1789342039.1554132,3958,4399
1789342039.1664367,3838,4411
1789342039.1794636,3719,4414
1789342039.190498,3605,4414
1789342039.2025325,3485,4407
1789342039.2145648,3376,4399
1789342039.2266035,3277,4387
1789342039.2396705,3179,4372
1789342039.2506783,3080,4356
1789342039.2627153,2987,4336
1789342039.275762,2893,4313
1789342039.286789,2794,4278
1789342039.2998326,2701,4235
1789342039.3108716,2618,4196
1789342039.3229148,2540,4157
1789342039.3359616,2467,4122
1789342039.3469806,2400,4087
1789342039.360025,2327,4048
1789342039.371062,2264,4009
1789342039.3831053,2197,3966
1789342039.3961387,2119,3896
1789342039.40717,2031,3803
1789342039.4202073,1974,3732
1789342039.4312496,1927,3678
1789342039.4432793,1885,3627
1789342039.456325,1849,3576
1789342039.4673488,1802,3495
1789342039.480406,1755,3389
1789342039.4914284,1729,3311
1789342039.5034678,1709,3245
1789342039.5164974,1698,3175
1789342039.5275311,1693,3074
1789342039.5405648,1693,2988
1789342039.551606,1688,2902
1789342039.5636377,1688,2844
1789342039.5766766,1688,2797
1789342039.587713,1698,2750
1789342039.600758,1714,2680
1789342039.6118007,1735,2590
1789342039.6238394,1766,2481
1789342039.6358702,1797,2411
1789342039.6479058,1828,2357
1789342039.6609352,1859,2310
1789342039.6720135,1901,2251
1789342039.684021,1948,2185
1789342039.697061,2000,2123
1789342039.7090983,2057,2053
1789342039.7221315,2109,2002
1789342039.7331657,2161,1955
1789342039.745211,2212,1916
1789342039.7582724,2264,1877
1789342039.7692862,2327,1834
1789342039.7813096,2394,1788
1789342039.7933486,2462,1745
1789342039.805408,2529,1702
1789342039.8184538,2597,1667
1789342039.829472,2659,1632
1789342039.8425057,2722,1593
1789342039.8535306,2784,1558
1789342039.8655667,2851,1526
1789342039.8785477,2919,1499
1789342039.889633,2987,1476
1789342039.9026737,3054,1456
1789342039.9136715,3122,1437
1789342039.9257457,3189,1425
1789342039.938784,3251,1413
1789342039.9498246,3303,1406
1789342039.962862,3355,1398
1789342039.9738977,3407,1390
1789342039.9859345,3454,1386
1789342039.999,3501,1382
1789342040.0100048,3542,1378
1789342040.023044,3589,1374
1789342040.0340636,3636,1374
1789342040.0461097,3677,1374
1789342040.059153,3724,1374
1789342040.0701778,3766,1374
1789342040.0832183,3802,1378
1789342040.0942495,3838,1378
1789342040.1062865,3870,1378
1789342040.119335,3901,1382
1789342040.13039,3937,1386
1789342040.1434283,3974,1390
1789342040.154452,4010,1394
1789342040.1664817,4046,1398
1789342040.1795423,4077,1402
1789342040.1905506,4109,1406
1789342040.2035918,4135,1410
1789342040.2146204,4161,1413
1789342040.226666,4187,1417
1789342040.2397082,4212,1421
1789342040.2506127,4238,1429
1789342040.2637851,4264,1437
1789342040.2748156,4290,1441
1789342040.286874,4316,1445
1789342040.2999265,4342,1452
1789342040.3109505,4374,1464
1789342040.3240285,4410,1480
1789342040.334976,4446,1495
1789342040.3470702,4488,1515
1789342040.3601246,4524,1534
1789342040.3711443,4561,1554
1789342040.3841844,4592,1569
1789342040.3952212,4623,1585
1789342040.4072568,4654,1604
1789342040.4203277,4696,1628
1789342040.4313378,4737,1651
1789342040.4443982,4774,1675
1789342040.455419,4810,1698
1789342040.4674473,4851,1725
1789342040.4805083,4893,1756
1789342040.4915192,4940,1791
1789342040.5045705,4987,1834
1789342040.5156002,5049,1904
1789342040.5275817,5096,1963
1789342040.540662,5137,2014
1789342040.5516977,5174,2060
1789342040.5647295,5210,2107
1789342040.5757582,5246,2162
1789342040.5878065,5283,2228
1789342040.6008635,5324,2341
1789342040.6118789,5355,2431
1789342040.6239102,5381,2505
1789342040.6359518,5402,2571
1789342040.647979,5412,2645
1789342040.6610467,5418,2762
1789342040.6720695,5423,2859
1789342040.6850958,5423,2941
1789342040.6961308,5418,3023
1789342040.7081628,5402,3120
1789342040.7212303,5376,3230
1789342040.7322426,5355,3308
1789342040.7452667,5324,3378
1789342040.756276,5288,3444
1789342040.7683575,5246,3526
1789342040.781419,5184,3639
1789342040.7924545,5132,3721
1789342040.8044713,5085,3791
1789342040.8165104,5038,3849
1789342040.8285422,4987,3912
1789342040.8415856,4935,3966
1789342040.85262,4867,4032
1789342040.8656564,4800,4083
1789342040.876699,4706,4146
1789342040.8887162,4612,4200
1789342040.90077,4524,4243
1789342040.9128096,4436,4278
1789342040.9258437,4342,4309
1789342040.9368699,4249,4336
1789342040.9489055,4150,4360
1789342040.9619823,4025,4379
1789342040.97299,3922,4395
1789342040.9860258,3818,4407
1789342040.997057,3714,4411
1789342041.0090876,3615,4411
1789342041.022146,3527,4411
1789342041.0331626,3423,4407
1789342041.0462127,3329,4399
1789342041.0572379,3236,4387
1789342041.069273,3132,4368
1789342041.0813143,3033,4348
1789342041.0933578,2940,4321
1789342041.106415,2831,4282
1789342041.1174438,2722,4231
1789342041.1294603,2633,4184
1789342041.1425278,2540,4138
1789342041.1535356,2462,4095
1789342041.1665323,2389,4052
1789342041.1776,2311,4001
1789342041.1896348,2223,3931
1789342041.202708,2119,3818
1789342041.213721,2046,3740
1789342041.226755,1989,3670
1789342041.2377872,1932,3600
1789342041.2498255,1870,3491
1789342041.262886,1812,3370
1789342041.2738993,1776,3280
1789342041.2869797,1750,3187
1789342041.2979689,1729,3039
1789342041.310015,1719,2898
1789342041.3230839,1724,2809
1789342041.3340778,1740,2711
1789342041.3471432,1766,2610
1789342041.3581471,1797,2501
1789342041.3701994,1828,2423
1789342041.3832858,1864,2360
1789342041.3943052,1922,2279
1789342041.4073515,1994,2181
1789342041.418405,2067,2099
1789342041.4304502,2135,2021
1789342041.4434679,2202,1963
1789342041.4545078,2270,1912
1789342041.4675457,2348,1858
1789342041.4785726,2446,1795
1789342041.4906194,2571,1725
1789342041.503687,2701,1667
1789342041.5146906,2836,1612
1789342041.527736,2961,1558
1789342041.538757,3101,1511
1789342041.5507982,3215,1480
1789342041.5637794,3319,1456
1789342041.5748506,3418,1437
1789342041.5878713,3511,1425
1789342041.5989444,3610,1417
1789342041.6109693,3714,1413
1789342041.624004,3802,1413
1789342041.636043,3885,1413
1789342041.649085,3968,1417
1789342041.6601157,4046,1425
1789342041.672151,4119,1437
1789342041.6852288,4197,1448
1789342041.6962297,4264,1464
1789342041.7082713,4348,1499
1789342041.7202964,4425,1534
1789342041.7323277,4498,1569
1789342041.7454293,4571,1604
1789342041.7564197,4633,1636
1789342041.7684598,4696,1667
1789342041.7804744,4748,1694
1789342041.7925029,4800,1721
1789342041.8055913,4846,1749
1789342041.8165843,4893,1780
1789342041.828634,4955,1834
1789342041.8406599,5023,1904
1789342041.8526943,5090,1982
1789342041.8657773,5148,2045
1789342041.876773,5200,2103
1789342041.88882,5251,2166
1789342041.9008558,5309,2255
1789342041.912885,5361,2360
1789342041.9248877,5397,2438
1789342041.9369488,5428,2505
1789342041.9489954,5454,2563
1789342041.9610271,5475,2633
1789342041.9730573,5496,2762
1789342041.9860983,5511,2867
1789342041.9971187,5516,2945
1789342042.009165,5516,3023
1789342042.021198,5511,3144
1789342042.033225,5501,3253
1789342042.0462978,5485,3331
1789342042.057297,5470,3401
1789342042.0693357,5438,3483
1789342042.081393,5402,3576
1789342042.0934203,5361,3666
1789342042.106483,5324,3728
1789342042.1174712,5283,3779
1789342042.1295207,5231,3834
1789342042.1415398,5168,3892
1789342042.1535857,5096,3962
1789342042.1666195,5033,4013
1789342042.1776152,4966,4064
1789342042.1896923,4862,4122
1789342042.2017136,4727,4184
1789342042.213782,4607,4235
1789342042.2267919,4509,4270
1789342042.2377787,4400,4305
1789342042.2508967,4285,4333
1789342042.261905,4176,4356
1789342042.2739105,4072,4375
1789342042.2870107,3948,4391
1789342042.298008,3807,4399
1789342042.3100326,3651,4399
1789342042.3220851,3511,4395
1789342042.3341205,3381,4383
1789342042.3472037,3262,4368
1789342042.3581903,3142,4352
1789342042.370245,3038,4333
1789342042.382214,2940,4309
1789342042.3942597,2815,4259
1789342042.407322,2706,4208
1789342042.418342,2607,4157
1789342042.4304087,2514,4110
1789342042.442468,2436,4068
1789342042.4545112,2363,4029
1789342042.4675815,2285,3982
1789342042.4785867,2197,3904
1789342042.4906187,2093,3791
1789342042.5026495,2020,3705
1789342042.5146701,1953,3612
1789342042.5277524,1896,3506
1789342042.5387404,1838,3397
1789342042.55079,1802,3304
1789342042.5628247,1781,3237
1789342042.574806,1761,3152
1789342042.5868924,1745,3046
1789342042.5989285,1735,2926
1789342042.61097,1735,2844
1789342042.6229591,1745,2770
1789342042.6350348,1766,2672
1789342042.6481187,1787,2583
1789342042.659109,1818,2489
1789342042.6711557,1838,2427
1789342042.6831887,1859,2380
1789342042.6952121,1885,2341
1789342042.7082748,1922,2294
1789342042.719289,2000,2208
1789342042.7313366,2093,2119
1789342042.7433915,2207,2010
1789342042.755423,2301,1936
1789342042.7684817,2405,1866
1789342042.779468,2529,1784
1789342042.791431,2654,1714
1789342042.8035133,2768,1655
1789342042.8155105,2877,1604
1789342042.828627,2976,1554
1789342042.839623,3080,1515
1789342042.852664,3179,1487
1789342042.8636947,3262,1464
1789342042.875725,3340,1448
1789342042.888806,3418,1437
1789342042.8998065,3496,1429
1789342042.911846,3574,1425
1789342042.9238856,3651,1421
1789342042.9359043,3740,1421
1789342042.9489856,3818,1421
1789342042.9599802,3885,1425
1789342042.9720333,3953,1429
1789342042.9840615,4015,1437
1789342042.9960008,4072,1445
1789342043.0090652,4129,1456
1789342043.0201657,4202,1480
1789342043.0322092,4270,1503
1789342043.0442376,4337,1534
1789342043.0562637,4400,1562
1789342043.069344,4462,1589
1789342043.0803566,4529,1620
1789342043.0924106,4592,1651
1789342043.1044378,4649,1678
1789342043.116453,4706,1706
1789342043.129526,4758,1729
1789342043.1405287,4810,1756
1789342043.1525755,4857,1780
1789342043.164602,4903,1811
1789342043.1766338,4966,1866
1789342043.189717,5038,1943
1789342043.2007103,5101,2010
1789342043.2127526,5153,2064
1789342043.2248268,5200,2119
1789342043.236826,5246,2173
1789342043.2499008,5293,2263
1789342043.2729416,5376,2438
1789342043.2849739,5407,2505
1789342043.2970169,5433,2567
1789342043.3100817,5454,2641
1789342043.3331215,5490,2855
1789342043.346147,5501,2922
1789342043.3582063,5506,2980
1789342043.3712313,5506,3039
1789342043.3822691,5501,3120
1789342043.3942995,5490,3230
1789342043.406338,5480,3304
1789342043.4183939,5470,3362
1789342043.4304378,5449,3421
1789342043.4424412,5423,3483
1789342043.4544532,5387,3561
1789342043.4665437,5335,3651
1789342043.4784863,5283,3721
1789342043.4915397,5220,3787
1789342043.5026288,5158,3845
1789342043.5146613,5090,3908
1789342043.5266898,5018,3982
1789342043.53873,4945,4040
1789342043.5517645,4846,4103
1789342043.5628028,4727,4169
1789342043.5748398,4623,4220
1789342043.5868678,4529,4262
1789342043.5989158,4436,4301
1789342043.6109543,4322,4336
1789342043.6230056,4212,4368
1789342043.6350229,4098,4391
1789342043.6470635,3963,4411
1789342043.6590922,3833,4426
1789342043.6721275,3709,4434
1789342043.683154,3594,4434
1789342043.6951911,3496,4434
1789342043.7072325,3387,4426
1789342043.719279,3303,4418
1789342043.7323034,3205,4403
1789342043.743343,3085,4379
1789342043.7554033,2976,4356
1789342043.7674246,2867,4329
1789342043.779455,2748,4286
1789342043.7924874,2644,4235
1789342043.8035202,2550,4188
1789342043.815559,2462,4142
1789342043.82759,2374,4091
1789342043.8396277,2290,4040
1789342043.8526907,2212,3986
1789342043.8637037,2088,3865
1789342043.8757384,2000,3760
1789342043.887772,1927,3674
1789342043.8998065,1859,3576
1789342043.9128418,1797,3460
1789342043.9238837,1750,3358
1789342043.9359233,1719,3284
1789342043.9479537,1698,3218
1789342043.9599948,1677,3120
1789342043.9729984,1657,2965
1789342043.9840653,1646,2863
1789342043.9961054,1651,2778
1789342044.008139,1667,2668
1789342044.0201776,1688,2548
1789342044.0332117,1714,2462
1789342044.044241,1750,2392
1789342044.0562825,1797,2325
1789342044.0682786,1870,2232
1789342044.080323,1968,2123
1789342044.0934186,2077,2018
1789342044.1044445,2176,1940
1789342044.1164575,2275,1866
1789342044.1284816,2374,1791
1789342044.1405268,2477,1721
1789342044.1535833,2581,1663
1789342044.1645656,2670,1608
1789342044.1766224,2758,1562
1789342044.1886592,2851,1523
1789342044.2006981,2950,1487
1789342044.2137249,3059,1456
1789342044.2247624,3179,1433
1789342044.236793,3283,1413
1789342044.2487774,3392,1402
1789342044.2608714,3480,1394
1789342044.2739031,3574,1390
1789342044.284925,3672,1386
1789342044.2969904,3766,1390
1789342044.308983,3864,1394
1789342044.3210208,3968,1402
1789342044.3340802,4062,1413
1789342044.3451242,4150,1425
1789342044.3571577,4228,1441
1789342044.3691792,4306,1464
1789342044.3812258,4400,1491
1789342044.3942537,4477,1526
1789342044.4052863,4550,1562
1789342044.4173324,4638,1600
1789342044.4293869,4711,1639
1789342044.4414244,4774,1675
1789342044.4544704,4825,1706
1789342044.4654708,4877,1733
1789342044.4774756,4929,1764
1789342044.489507,4981,1803
1789342044.5015905,5059,1881
1789342044.5146315,5127,1947
1789342044.5256474,5189,2006
1789342044.537687,5251,2072
1789342044.5495782,5303,2127
1789342044.5617697,5350,2181
1789342044.5748007,5392,2255
1789342044.5858319,5433,2345
1789342044.597866,5464,2427
1789342044.6099045,5490,2493
1789342044.6219504,5516,2563
1789342044.6349783,5532,2633
1789342044.6460092,5548,2711
1789342044.6580434,5563,2793
1789342044.6700814,5568,2855
1789342044.6821299,5574,2902
1789342044.695112,5579,2941
1789342044.7061863,5579,2996
1789342044.7182221,5579,3046
1789342044.7302647,5574,3120
1789342044.7422955,5563,3195
1789342044.755337,5548,3276
1789342044.7663975,5532,3335
1789342044.7784204,5511,3393
1789342044.790447,5475,3456
1789342044.80248,5412,3553
1789342044.8155181,5335,3662
1789342044.8275576,5262,3740
1789342044.839599,5194,3810
1789342044.8516266,5132,3869
1789342044.863665,5070,3927
1789342044.8767016,4992,3994
1789342044.8877313,4898,4060
1789342044.899779,4789,4122
1789342044.9128194,4664,4188
1789342044.9238436,4571,4235
1789342044.9368858,4477,4274
1789342044.9479241,4363,4313
1789342044.9599566,4249,4344
1789342044.973002,4124,4372
1789342044.9840298,3984,4395
1789342044.997074,3844,4407
1789342045.0081105,3703,4414
1789342045.0201306,3558,4414
1789342045.0331776,3397,4411
1789342045.0442104,3272,4399
1789342045.0572388,3127,4379
1789342045.0682755,3007,4360
1789342045.0803113,2909,4340
1789342045.0933084,2820,4321
1789342045.1044073,2727,4294
1789342045.116417,2633,4266
1789342045.1284595,2555,4231
1789342045.1404958,2477,4196
1789342045.153534,2394,4153
1789342045.164563,2316,4107
1789342045.1776032,2244,4064
1789342045.1886063,2176,4021
1789342045.20068,2109,3974
1789342045.2137194,2015,3888
1789342045.22475,1937,3806
1789342045.237791,1870,3736
1789342045.2488172,1812,3670
1789342045.2608597,1755,3596
1789342045.2728927,1703,3518
1789342045.2848985,1646,3397
1789342045.2969706,1615,3319
1789342045.308971,1594,3261
1789342045.3210437,1574,3214
1789342045.334082,1558,3167
1789342045.3451147,1548,3113
1789342045.3581555,1532,3015
1789342045.3691893,1527,2933
1789342045.3812156,1527,2859
1789342045.3942645,1527,2793
1789342045.4052951,1542,2719
1789342045.418322,1563,2602
1789342045.4293938,1584,2509
1789342045.4414268,1610,2446
1789342045.4534338,1641,2396
1789342045.465422,1677,2345
1789342045.4784694,1724,2290
1789342045.489511,1781,2220
1789342045.5015204,1838,2131
1789342045.5145671,1890,2060
1789342045.525506,1942,2006
1789342045.5385082,1989,1963
1789342045.5495882,2041,1924
1789342045.5616608,2103,1877
1789342045.5746489,2181,1827
1789342045.5857213,2264,1776
1789342045.598791,2353,1721
1789342045.6099002,2457,1655
1789342045.621937,2571,1593
1789342045.6349692,2675,1546
1789342045.6460123,2779,1507
1789342045.659055,2877,1476
1789342045.6700897,2966,1448
1789342045.6821275,3054,1425
1789342045.695171,3142,1406
1789342045.7061918,3241,1390
1789342045.719232,3340,1378
1789342045.7302547,3423,1371
1789342045.742311,3501,1363
1789342045.755327,3579,1359
1789342045.7663105,3677,1359
1789342045.77943,3750,1359
1789342045.790456,3828,1363
1789342045.8024995,3911,1371
1789342045.8155391,4000,1382
1789342045.826568,4088,1394
1789342045.8396163,4171,1410
1789342045.8506532,4249,1425
1789342045.8626933,4322,1448
1789342045.8757377,4389,1468
1789342045.8867679,4467,1491
1789342045.8998125,4529,1523
1789342045.9108496,4587,1550
1789342045.9228961,4649,1585
1789342045.935937,4711,1620
1789342045.946962,4774,1655
1789342045.9600062,4831,1690
1789342045.9710498,4893,1733
1789342045.983092,4961,1780
1789342045.996134,5038,1846
1789342046.007164,5122,1932
1789342046.0202,5189,1994
1789342046.0311942,5246,2053
1789342046.04328,5298,2103
1789342046.0553136,5345,2158
1789342046.067352,5397,2236
1789342046.0804245,5438,2306
1789342046.0914505,5475,2368
1789342046.1035109,5511,2442
1789342046.1155002,5542,2520
1789342046.127534,5563,2575
1789342046.139575,5579,2622
1789342046.1515908,5589,2664
1789342046.1636527,5600,2715
1789342046.1766949,5610,2766
1789342046.1877346,5615,2832
1789342046.2007623,5615,2906
1789342046.211806,5610,2996
1789342046.223846,5600,3085
1789342046.2358718,5589,3156
1789342046.247921,5579,3218
1789342046.260954,5558,3288
1789342046.2720032,5537,3343
1789342046.2840414,5522,3393
1789342046.2970855,5501,3444
1789342046.308111,5470,3510
1789342046.3211515,5444,3565
1789342046.3321867,5418,3619
1789342046.3442311,5376,3690
1789342046.3572767,5329,3752
1789342046.3682947,5267,3818
1789342046.3813543,5194,3884
1789342046.3923404,5122,3958
1789342046.4044416,5059,4021
1789342046.41747,4997,4071
1789342046.428496,4909,4122
1789342046.441528,4716,4227
1789342046.452566,4566,4301
1789342046.4646025,4436,4375
1789342046.4776342,4316,4434
1789342046.48867,4207,4477
1789342046.5017152,4114,4508
1789342046.51274,4010,4531
1789342046.5247774,3916,4551
1789342046.5378218,3828,4563
1789342046.548852,3729,4574
1789342046.5618556,3636,4582
1789342046.5728893,3568,4586
1789342046.584964,3527,4586
1789342046.5979865,3501,4586
